{"cameraMode":{"drawMode":0,"name":"Shaded","section":"Shading Mode"},"sceneLighting":true,"audioPlay":false,"sceneViewState":{"m_AlwaysRefresh":false,"showFog":true,"showSkybox":true,"showFlares":true,"showImageEffects":true,"showParticleSystems":true,"showVisualEffectGraphs":true,"m_FxEnabled":true},"in2DMode":false,"pivot":{"x":3.853055953979492,"y":-4.3336381912231449,"z":55.78854751586914},"rotation":{"x":0.06279696524143219,"y":-0.5905075669288635,"z":0.046135567128658298,"w":0.803292989730835},"size":25.573368072509767,"orthographic":true}